fname,edit,reverted
rev_kash_hi_21-05-2020 23-18-00.json,2019-10-10T09:12:44Z,2019-10-10T13:26:48Z
rev_kash_hi_21-05-2020 23-18-00.json,2019-09-16T16:17:56Z,2019-09-16T18:24:58Z
rev_kash_hi_21-05-2020 23-18-00.json,2019-08-29T19:14:02Z,2019-08-30T08:11:41Z
rev_kash_hi_21-05-2020 23-18-00.json,2019-08-05T13:14:27Z,2019-08-05T13:15:05Z
rev_kash_hi_21-05-2020 23-18-00.json,2019-06-07T18:35:04Z,2019-08-01T15:18:34Z
rev_kash_hi_21-05-2020 23-18-00.json,2019-08-01T14:26:25Z,2019-08-01T15:18:08Z
rev_kash_hi_21-05-2020 23-18-00.json,2019-06-07T18:35:04Z,2019-08-01T15:18:34Z
rev_kash_hi_21-05-2020 23-18-00.json,2019-04-08T14:55:17Z,2019-06-07T09:16:13Z
rev_kash_hi_21-05-2020 23-18-00.json,2019-06-07T04:11:36Z,2019-06-07T09:15:41Z
rev_kash_hi_21-05-2020 23-18-00.json,2019-04-08T14:55:17Z,2019-06-07T09:16:13Z
rev_kash_hi_21-05-2020 23-18-00.json,2019-04-08T14:55:17Z,2019-06-07T09:16:13Z
rev_kash_hi_21-05-2020 23-18-00.json,2019-04-08T14:55:17Z,2019-06-07T09:16:13Z
rev_kash_hi_21-05-2020 23-18-00.json,2018-10-11T17:28:42Z,2018-10-11T18:06:21Z
rev_kash_hi_21-05-2020 23-18-00.json,2018-05-26T08:22:24Z,2018-05-26T08:46:50Z
rev_kash_hi_21-05-2020 23-18-00.json,2018-05-12T12:20:00Z,2018-05-12T12:26:03Z
rev_kash_hi_21-05-2020 23-18-00.json,2018-02-09T07:01:25Z,2018-02-09T07:32:03Z
rev_kash_hi_21-05-2020 23-18-00.json,2018-01-04T18:13:16Z,2018-01-04T18:20:54Z
rev_kash_hi_21-05-2020 23-18-00.json,2017-11-01T16:17:20Z,2017-11-02T14:05:49Z
rev_kash_hi_21-05-2020 23-18-00.json,2016-11-06T22:20:17Z,2016-11-07T02:45:44Z
rev_kash_hi_21-05-2020 23-18-00.json,2016-11-06T22:20:17Z,2016-11-07T02:45:44Z
rev_kash_hi_21-05-2020 23-18-00.json,2015-01-21T18:06:50Z,2015-01-21T18:07:28Z
rev_kash_hi_21-05-2020 23-18-00.json,2014-06-04T08:24:34Z,2014-06-04T10:02:47Z
rev_kash_hi_21-05-2020 23-18-00.json,2014-06-04T08:24:34Z,2014-06-04T10:02:47Z
rev_kash_hi_21-05-2020 23-18-00.json,2014-06-04T08:24:34Z,2014-06-04T10:02:47Z
rev_kash_hi_21-05-2020 23-18-00.json,2014-06-04T08:24:34Z,2014-06-04T10:02:47Z
rev_kash_hi_21-05-2020 23-18-00.json,2014-06-04T08:24:34Z,2014-06-04T10:02:47Z
rev_kash_hi_21-05-2020 23-18-00.json,2014-05-03T10:33:01Z,2014-05-03T10:58:18Z
rev_article_hi_21-05-2020 23-18-00.json,2019-02-25T16:28:24Z,2019-03-24T03:10:33Z
rev_article_hi_21-05-2020 23-18-00.json,2018-08-01T17:25:26Z,2018-08-02T02:32:44Z
rev_article_hi_21-05-2020 23-18-00.json,2014-05-29T13:44:33Z,2014-05-30T12:42:41Z
rev_article_hi_21-05-2020 23-18-00.json,2014-05-30T10:26:12Z,2014-05-30T12:34:58Z
rev_article_hi_21-05-2020 23-18-00.json,2014-05-30T10:25:57Z,2014-05-30T10:26:12Z
rev_article_hi_21-05-2020 23-18-00.json,2014-05-30T10:25:34Z,2014-05-30T10:25:57Z
rev_article_hi_21-05-2020 23-18-00.json,2014-05-29T13:44:33Z,2014-05-30T12:42:41Z
rev_article_hi_21-05-2020 23-18-00.json,2014-05-29T13:44:33Z,2014-05-30T12:42:41Z
rev_article_hi_21-05-2020 23-18-00.json,2014-05-29T13:44:33Z,2014-05-30T12:42:41Z
rev_article_hi_21-05-2020 23-18-00.json,2014-05-29T13:44:33Z,2014-05-30T12:42:41Z
rev_article_hi_21-05-2020 23-18-00.json,2014-05-29T13:44:33Z,2014-05-30T12:42:41Z
rev_article_hi_21-05-2020 23-18-00.json,2014-05-30T00:58:47Z,2014-05-30T05:44:04Z
rev_article_hi_21-05-2020 23-18-00.json,2014-05-29T13:44:33Z,2014-05-30T12:42:41Z
rev_article_hi_21-05-2020 23-18-00.json,2014-05-28T12:05:26Z,2014-05-28T21:35:30Z
rev_article_hi_21-05-2020 23-18-00.json,2014-05-28T07:50:03Z,2014-05-28T07:52:36Z
rev_article_hi_21-05-2020 23-18-00.json,2013-12-07T11:28:51Z,2013-12-07T11:43:10Z
rev_article_hi_21-05-2020 23-18-00.json,2013-12-04T04:46:34Z,2013-12-07T07:44:06Z
rev_article_hi_21-05-2020 23-18-00.json,2013-12-03T06:33:25Z,2013-12-03T14:06:06Z
rev_article_hi_21-05-2020 23-18-00.json,2013-12-03T06:33:25Z,2013-12-03T14:06:06Z
rev_article_hi_21-05-2020 23-18-00.json,2013-12-03T06:33:25Z,2013-12-03T14:06:06Z
rev_article_hi_21-05-2020 23-18-00.json,2013-12-02T16:50:29Z,2013-12-03T06:33:25Z
rev_reorg_hi_21-05-2020 23-18-00.json,2020-04-28T12:26:00Z,2020-04-28T15:18:41Z
rev_reorg_hi_21-05-2020 23-18-00.json,2019-08-23T10:37:28Z,2019-08-23T10:37:53Z
rev_reorg_hi_21-05-2020 23-18-00.json,2019-08-14T15:52:40Z,2019-08-14T15:53:01Z
rev_reorg_hi_21-05-2020 23-18-00.json,2019-08-13T10:40:15Z,2019-08-14T15:52:40Z
rev_insurg_hi_21-05-2020 23-18-00.json,2019-09-03T06:05:27Z,2019-09-04T05:34:01Z
rev_insurg_hi_21-05-2020 23-18-00.json,2019-04-03T20:46:24Z,2019-08-23T08:53:00Z
rev_insurg_hi_21-05-2020 23-18-00.json,2019-08-22T13:57:43Z,2019-08-22T13:58:35Z
rev_insurg_hi_21-05-2020 23-18-00.json,2019-04-03T20:46:24Z,2019-08-23T08:53:00Z
rev_insurg_hi_21-05-2020 23-18-00.json,2019-04-03T20:46:24Z,2019-08-23T08:53:00Z
rev_insurg_hi_21-05-2020 23-18-00.json,2019-04-03T20:46:24Z,2019-08-23T08:53:00Z
rev_insurg_hi_21-05-2020 23-18-00.json,2019-04-03T20:46:24Z,2019-08-23T08:53:00Z
rev_insurg_hi_21-05-2020 23-18-00.json,2019-04-03T20:46:24Z,2019-08-23T08:53:00Z
rev_insurg_hi_21-05-2020 23-18-00.json,2019-04-03T20:46:24Z,2019-08-23T08:53:00Z
rev_insurg_hi_21-05-2020 23-18-00.json,2019-04-03T20:38:39Z,2019-04-03T20:45:59Z
rev_insurg_hi_21-05-2020 23-18-00.json,2019-04-03T20:38:39Z,2019-04-03T20:45:59Z
rev_insurg_hi_21-05-2020 23-18-00.json,2019-04-03T20:38:39Z,2019-04-03T20:45:59Z
rev_insurg_hi_21-05-2020 23-18-00.json,2019-04-03T20:38:39Z,2019-04-03T20:45:59Z
rev_insurg_hi_21-05-2020 23-18-00.json,2019-04-03T20:38:39Z,2019-04-03T20:45:59Z
rev_insurg_hi_21-05-2020 23-18-00.json,2019-03-04T20:49:12Z,2019-03-05T05:10:29Z
rev_insurg_hi_21-05-2020 23-18-00.json,2018-12-23T15:21:55Z,2019-03-05T05:07:30Z
rev_insurg_hi_21-05-2020 23-18-00.json,2018-12-23T15:21:55Z,2019-03-05T05:07:30Z
rev_insurg_hi_21-05-2020 23-18-00.json,2018-12-23T15:21:55Z,2019-03-05T05:07:30Z
rev_insurg_hi_21-05-2020 23-18-00.json,2018-12-23T15:21:55Z,2019-03-05T05:07:30Z
rev_insurg_hi_21-05-2020 23-18-00.json,2018-12-23T15:21:55Z,2019-03-05T05:07:30Z
rev_insurg_hi_21-05-2020 23-18-00.json,2018-12-23T15:21:55Z,2019-03-05T05:07:30Z
rev_insurg_hi_21-05-2020 23-18-00.json,2018-10-23T11:14:41Z,2018-10-23T15:10:01Z
rev_insurg_hi_21-05-2020 23-18-00.json,2018-04-24T04:22:46Z,2018-04-24T04:51:09Z
rev_insurg_hi_21-05-2020 23-18-00.json,2017-07-28T09:21:44Z,2017-08-25T15:24:25Z
rev_pulwama_hi_21-05-2020 23-18-00.json,2019-10-21T02:25:47Z,2019-10-21T02:27:06Z
rev_pulwama_hi_21-05-2020 23-18-00.json,2019-08-26T17:07:38Z,2019-08-26T17:18:28Z
rev_pulwama_hi_21-05-2020 23-18-00.json,2019-06-10T15:54:51Z,2019-08-26T17:05:35Z
rev_pulwama_hi_21-05-2020 23-18-00.json,2019-06-10T15:54:51Z,2019-08-26T17:05:35Z
rev_pulwama_hi_21-05-2020 23-18-00.json,2019-06-10T15:54:51Z,2019-08-26T17:05:35Z
rev_pulwama_hi_21-05-2020 23-18-00.json,2019-06-10T15:54:51Z,2019-08-26T17:05:35Z
rev_pulwama_hi_21-05-2020 23-18-00.json,2019-06-10T15:54:51Z,2019-08-26T17:05:35Z
rev_pulwama_hi_21-05-2020 23-18-00.json,2019-06-10T15:54:51Z,2019-08-26T17:05:35Z
rev_pulwama_hi_21-05-2020 23-18-00.json,2019-06-10T15:54:51Z,2019-08-26T17:05:35Z
rev_pulwama_hi_21-05-2020 23-18-00.json,2019-06-10T15:54:51Z,2019-08-26T17:05:35Z
rev_pulwama_hi_21-05-2020 23-18-00.json,2019-05-24T20:41:21Z,2019-05-26T09:20:28Z
rev_pulwama_hi_21-05-2020 23-18-00.json,2019-02-17T20:25:12Z,2019-02-18T15:57:22Z
rev_pulwama_hi_21-05-2020 23-18-00.json,2019-02-15T10:01:59Z,2019-02-15T10:11:40Z
rev_insurg_en_21-05-2020 23-17-59.json,2020-05-17T17:59:12Z,2020-05-17T20:15:41Z
rev_insurg_en_21-05-2020 23-17-59.json,2020-05-14T16:13:41Z,2020-05-17T17:59:12Z
rev_insurg_en_21-05-2020 23-17-59.json,2020-04-20T21:38:33Z,2020-04-20T22:00:13Z
rev_insurg_en_21-05-2020 23-17-59.json,2019-11-26T20:46:29Z,2019-11-26T21:59:46Z
rev_insurg_en_21-05-2020 23-17-59.json,2019-03-11T05:09:52Z,2019-03-11T05:21:15Z
rev_insurg_en_21-05-2020 23-17-59.json,2019-03-11T05:09:52Z,2019-03-11T05:21:15Z
rev_insurg_en_21-05-2020 23-17-59.json,2019-02-18T15:29:43Z,2019-02-18T15:40:22Z
rev_insurg_en_21-05-2020 23-17-59.json,2019-02-15T15:12:54Z,2019-02-15T17:53:12Z
rev_insurg_en_21-05-2020 23-17-59.json,2019-01-24T15:06:01Z,2019-01-24T22:51:45Z
rev_insurg_en_21-05-2020 23-17-59.json,2019-01-24T05:09:33Z,2019-01-24T06:10:40Z
rev_insurg_en_21-05-2020 23-17-59.json,2019-01-23T19:43:30Z,2019-01-23T19:47:22Z
rev_insurg_en_21-05-2020 23-17-59.json,2018-12-24T14:17:45Z,2018-12-24T18:41:13Z
rev_insurg_en_21-05-2020 23-17-59.json,2018-12-24T14:17:45Z,2018-12-24T18:41:13Z
rev_insurg_en_21-05-2020 23-17-59.json,2018-12-24T14:17:45Z,2018-12-24T18:41:13Z
rev_insurg_en_21-05-2020 23-17-59.json,2018-12-23T23:32:13Z,2018-12-24T14:17:45Z
rev_insurg_en_21-05-2020 23-17-59.json,2018-12-19T22:07:00Z,2018-12-20T01:12:03Z
rev_insurg_en_21-05-2020 23-17-59.json,2018-07-15T09:44:33Z,2018-07-19T02:09:55Z
rev_insurg_en_21-05-2020 23-17-59.json,2018-07-15T09:44:33Z,2018-07-19T02:09:55Z
rev_insurg_en_21-05-2020 23-17-59.json,2018-07-15T09:46:54Z,2018-07-15T09:55:26Z
rev_insurg_en_21-05-2020 23-17-59.json,2018-07-15T09:44:33Z,2018-07-19T02:09:55Z
rev_insurg_en_21-05-2020 23-17-59.json,2018-07-15T09:44:33Z,2018-07-19T02:09:55Z
rev_insurg_en_21-05-2020 23-17-59.json,2017-12-14T23:14:21Z,2017-12-16T15:37:37Z
rev_insurg_en_21-05-2020 23-17-59.json,2017-12-14T23:14:21Z,2017-12-16T15:37:37Z
rev_insurg_en_21-05-2020 23-17-59.json,2017-12-14T23:14:21Z,2017-12-16T15:37:37Z
rev_insurg_en_21-05-2020 23-17-59.json,2017-11-03T17:28:33Z,2017-11-03T23:17:33Z
rev_insurg_en_21-05-2020 23-17-59.json,2016-08-05T09:52:24Z,2016-08-05T11:52:33Z
rev_insurg_en_21-05-2020 23-17-59.json,2015-08-23T08:23:04Z,2015-08-29T13:09:16Z
rev_insurg_en_21-05-2020 23-17-59.json,2015-08-23T08:23:04Z,2015-08-29T13:09:16Z
rev_insurg_en_21-05-2020 23-17-59.json,2015-08-23T08:23:04Z,2015-08-29T13:09:16Z
rev_insurg_en_21-05-2020 23-17-59.json,2015-08-23T08:23:04Z,2015-08-29T13:09:16Z
rev_insurg_en_21-05-2020 23-17-59.json,2015-08-23T08:23:04Z,2015-08-29T13:09:16Z
rev_insurg_en_21-05-2020 23-17-59.json,2015-08-14T14:45:08Z,2015-08-14T15:18:48Z
rev_insurg_en_21-05-2020 23-17-59.json,2015-08-14T14:45:08Z,2015-08-14T15:18:48Z
rev_insurg_en_21-05-2020 23-17-59.json,2015-08-14T14:45:08Z,2015-08-14T15:18:48Z
rev_insurg_en_21-05-2020 23-17-59.json,2015-08-14T14:45:08Z,2015-08-14T15:18:48Z
rev_insurg_en_21-05-2020 23-17-59.json,2015-08-14T14:45:08Z,2015-08-14T15:18:48Z
rev_insurg_en_21-05-2020 23-17-59.json,2014-06-23T14:45:32Z,2014-06-23T16:53:55Z
rev_insurg_en_21-05-2020 23-17-59.json,2014-06-23T14:45:32Z,2014-06-23T16:53:55Z
rev_insurg_en_21-05-2020 23-17-59.json,2014-06-23T14:45:32Z,2014-06-23T16:53:55Z
rev_insurg_en_21-05-2020 23-17-59.json,2013-06-02T12:29:48Z,2013-06-02T12:31:44Z
rev_insurg_en_21-05-2020 23-17-59.json,2013-04-29T23:58:52Z,2013-04-30T06:06:00Z
rev_insurg_en_21-05-2020 23-17-59.json,2013-04-29T23:58:52Z,2013-04-30T06:06:00Z
rev_insurg_en_21-05-2020 23-17-59.json,2013-03-31T17:06:29Z,2013-03-31T19:41:07Z
rev_pulwama_en_21-05-2020 23-18-00.json,2019-03-03T01:35:46Z,2019-03-03T02:39:38Z
rev_pulwama_en_21-05-2020 23-18-00.json,2019-03-02T00:14:30Z,2019-03-02T02:34:12Z
rev_pulwama_en_21-05-2020 23-18-00.json,2019-03-01T15:18:21Z,2019-03-01T19:57:29Z
rev_pulwama_en_21-05-2020 23-18-00.json,2019-02-28T01:30:41Z,2019-02-28T01:41:48Z
rev_pulwama_en_21-05-2020 23-18-00.json,2019-02-23T17:48:55Z,2019-02-23T18:07:19Z
rev_pulwama_en_21-05-2020 23-18-00.json,2019-02-22T18:10:00Z,2019-02-22T18:11:13Z
rev_pulwama_en_21-05-2020 23-18-00.json,2019-02-19T08:14:06Z,2019-02-19T08:47:14Z
rev_pulwama_en_21-05-2020 23-18-00.json,2019-02-19T08:14:06Z,2019-02-19T08:47:14Z
rev_pulwama_en_21-05-2020 23-18-00.json,2019-02-19T00:34:35Z,2019-02-19T01:11:56Z
rev_pulwama_en_21-05-2020 23-18-00.json,2019-02-19T00:34:35Z,2019-02-19T01:11:56Z
rev_pulwama_en_21-05-2020 23-18-00.json,2019-02-19T00:34:35Z,2019-02-19T01:11:56Z
rev_pulwama_en_21-05-2020 23-18-00.json,2019-02-19T00:34:35Z,2019-02-19T01:11:56Z
rev_pulwama_en_21-05-2020 23-18-00.json,2019-02-18T18:52:19Z,2019-02-18T19:14:14Z
rev_pulwama_en_21-05-2020 23-18-00.json,2019-02-18T14:56:25Z,2019-02-18T14:56:43Z
rev_pulwama_en_21-05-2020 23-18-00.json,2019-02-18T14:52:53Z,2019-02-18T14:53:12Z
rev_pulwama_en_21-05-2020 23-18-00.json,2019-02-18T14:52:09Z,2019-02-18T14:52:27Z
rev_pulwama_en_21-05-2020 23-18-00.json,2019-02-18T14:49:54Z,2019-02-18T14:50:44Z
rev_pulwama_en_21-05-2020 23-18-00.json,2019-02-18T13:52:14Z,2019-02-18T13:55:32Z
rev_pulwama_en_21-05-2020 23-18-00.json,2019-02-18T13:03:31Z,2019-02-18T13:09:33Z
rev_pulwama_en_21-05-2020 23-18-00.json,2019-02-18T13:03:31Z,2019-02-18T13:09:33Z
rev_pulwama_en_21-05-2020 23-18-00.json,2019-02-17T10:44:20Z,2019-02-17T10:46:21Z
rev_pulwama_en_21-05-2020 23-18-00.json,2019-02-17T07:48:19Z,2019-02-17T07:49:20Z
rev_pulwama_en_21-05-2020 23-18-00.json,2019-02-17T04:33:41Z,2019-02-17T04:36:36Z
rev_pulwama_en_21-05-2020 23-18-00.json,2019-02-17T04:28:44Z,2019-02-17T04:33:41Z
rev_pulwama_en_21-05-2020 23-18-00.json,2019-02-17T03:50:46Z,2019-02-17T04:19:11Z
rev_pulwama_en_21-05-2020 23-18-00.json,2019-02-17T03:50:46Z,2019-02-17T04:19:11Z
rev_pulwama_en_21-05-2020 23-18-00.json,2019-02-17T03:50:46Z,2019-02-17T04:19:11Z
rev_pulwama_en_21-05-2020 23-18-00.json,2019-02-17T03:50:46Z,2019-02-17T04:19:11Z
rev_pulwama_en_21-05-2020 23-18-00.json,2019-02-17T03:50:46Z,2019-02-17T04:19:11Z
rev_pulwama_en_21-05-2020 23-18-00.json,2019-02-17T03:50:46Z,2019-02-17T04:19:11Z
rev_pulwama_en_21-05-2020 23-18-00.json,2019-02-17T03:50:46Z,2019-02-17T04:19:11Z
rev_pulwama_en_21-05-2020 23-18-00.json,2019-02-17T03:50:46Z,2019-02-17T04:19:11Z
rev_pulwama_en_21-05-2020 23-18-00.json,2019-02-17T03:14:41Z,2019-02-17T03:19:11Z
rev_pulwama_en_21-05-2020 23-18-00.json,2019-02-16T12:33:22Z,2019-02-16T13:03:46Z
rev_pulwama_en_21-05-2020 23-18-00.json,2019-02-16T12:33:22Z,2019-02-16T13:03:46Z
rev_pulwama_en_21-05-2020 23-18-00.json,2019-02-16T06:04:22Z,2019-02-16T06:31:08Z
rev_pulwama_en_21-05-2020 23-18-00.json,2019-02-16T06:04:22Z,2019-02-16T06:31:08Z
rev_pulwama_en_21-05-2020 23-18-00.json,2019-02-16T06:04:22Z,2019-02-16T06:31:08Z
rev_pulwama_en_21-05-2020 23-18-00.json,2019-02-16T02:37:53Z,2019-02-16T02:52:20Z
rev_pulwama_en_21-05-2020 23-18-00.json,2019-02-16T02:37:53Z,2019-02-16T02:52:20Z
rev_pulwama_en_21-05-2020 23-18-00.json,2019-02-16T02:37:53Z,2019-02-16T02:52:20Z
rev_pulwama_en_21-05-2020 23-18-00.json,2019-02-16T02:37:53Z,2019-02-16T02:52:20Z
rev_reorg_en_21-05-2020 23-18-00.json,2020-04-11T04:48:03Z,2020-04-11T07:21:34Z
rev_reorg_en_21-05-2020 23-18-00.json,2020-04-11T05:32:02Z,2020-04-11T07:20:55Z
rev_reorg_en_21-05-2020 23-18-00.json,2020-04-11T04:48:03Z,2020-04-11T07:21:34Z
rev_reorg_en_21-05-2020 23-18-00.json,2020-02-17T02:37:16Z,2020-02-17T03:49:49Z
rev_reorg_en_21-05-2020 23-18-00.json,2020-01-27T14:39:18Z,2020-01-27T15:33:08Z
rev_reorg_en_21-05-2020 23-18-00.json,2020-01-25T15:48:44Z,2020-01-25T15:50:15Z
rev_reorg_en_21-05-2020 23-18-00.json,2020-01-11T04:49:55Z,2020-01-11T04:51:29Z
rev_reorg_en_21-05-2020 23-18-00.json,2020-01-11T04:49:55Z,2020-01-11T04:51:29Z
rev_reorg_en_21-05-2020 23-18-00.json,2020-01-09T13:09:18Z,2020-01-09T13:09:50Z
rev_reorg_en_21-05-2020 23-18-00.json,2020-01-04T10:58:43Z,2020-01-04T11:30:57Z
rev_reorg_en_21-05-2020 23-18-00.json,2019-12-16T13:26:11Z,2019-12-18T15:06:01Z
rev_reorg_en_21-05-2020 23-18-00.json,2019-12-16T12:59:14Z,2019-12-16T13:26:11Z
rev_reorg_en_21-05-2020 23-18-00.json,2019-11-28T08:49:11Z,2019-11-28T10:27:08Z
rev_reorg_en_21-05-2020 23-18-00.json,2019-11-26T19:29:39Z,2019-11-26T23:51:14Z
rev_reorg_en_21-05-2020 23-18-00.json,2019-11-26T19:29:39Z,2019-11-26T23:51:14Z
rev_reorg_en_21-05-2020 23-18-00.json,2019-11-26T19:29:39Z,2019-11-26T23:51:14Z
rev_reorg_en_21-05-2020 23-18-00.json,2019-11-26T19:29:39Z,2019-11-26T23:51:14Z
rev_reorg_en_21-05-2020 23-18-00.json,2019-11-26T19:29:39Z,2019-11-26T23:51:14Z
rev_reorg_en_21-05-2020 23-18-00.json,2019-11-26T19:29:39Z,2019-11-26T23:51:14Z
rev_reorg_en_21-05-2020 23-18-00.json,2019-11-26T19:29:39Z,2019-11-26T23:51:14Z
rev_reorg_en_21-05-2020 23-18-00.json,2019-11-26T19:29:39Z,2019-11-26T23:51:14Z
rev_reorg_en_21-05-2020 23-18-00.json,2019-11-26T19:29:39Z,2019-11-26T23:51:14Z
rev_reorg_en_21-05-2020 23-18-00.json,2019-11-25T17:04:12Z,2019-11-25T18:41:39Z
rev_reorg_en_21-05-2020 23-18-00.json,2019-11-25T17:04:12Z,2019-11-25T18:41:39Z
rev_reorg_en_21-05-2020 23-18-00.json,2019-10-31T20:58:26Z,2019-10-31T22:05:48Z
rev_reorg_en_21-05-2020 23-18-00.json,2019-10-21T23:21:24Z,2019-10-21T23:55:31Z
rev_reorg_en_21-05-2020 23-18-00.json,2019-10-21T23:21:24Z,2019-10-21T23:55:31Z
rev_reorg_en_21-05-2020 23-18-00.json,2019-10-21T23:21:24Z,2019-10-21T23:55:31Z
rev_reorg_en_21-05-2020 23-18-00.json,2019-10-21T23:21:24Z,2019-10-21T23:55:31Z
rev_reorg_en_21-05-2020 23-18-00.json,2019-10-21T23:21:24Z,2019-10-21T23:55:31Z
rev_reorg_en_21-05-2020 23-18-00.json,2019-10-21T23:21:24Z,2019-10-21T23:55:31Z
rev_reorg_en_21-05-2020 23-18-00.json,2019-10-21T23:21:24Z,2019-10-21T23:55:31Z
rev_reorg_en_21-05-2020 23-18-00.json,2019-10-21T23:21:24Z,2019-10-21T23:55:31Z
rev_reorg_en_21-05-2020 23-18-00.json,2019-10-21T23:21:24Z,2019-10-21T23:55:31Z
rev_reorg_en_21-05-2020 23-18-00.json,2019-10-21T23:21:24Z,2019-10-21T23:55:31Z
rev_reorg_en_21-05-2020 23-18-00.json,2019-10-21T23:21:24Z,2019-10-21T23:55:31Z
rev_reorg_en_21-05-2020 23-18-00.json,2019-10-21T23:21:24Z,2019-10-21T23:55:31Z
rev_reorg_en_21-05-2020 23-18-00.json,2019-10-21T23:21:24Z,2019-10-21T23:55:31Z
rev_reorg_en_21-05-2020 23-18-00.json,2019-10-08T10:40:13Z,2019-10-08T11:48:10Z
rev_reorg_en_21-05-2020 23-18-00.json,2019-10-02T13:59:05Z,2019-10-03T02:51:33Z
rev_reorg_en_21-05-2020 23-18-00.json,2019-10-02T10:22:22Z,2019-10-02T10:26:19Z
rev_reorg_en_21-05-2020 23-18-00.json,2019-10-02T10:22:22Z,2019-10-02T10:26:19Z
rev_reorg_en_21-05-2020 23-18-00.json,2019-09-29T03:36:44Z,2019-09-29T03:53:21Z
rev_reorg_en_21-05-2020 23-18-00.json,2019-09-29T01:26:57Z,2019-09-29T03:36:44Z
rev_reorg_en_21-05-2020 23-18-00.json,2019-09-28T12:03:56Z,2019-09-28T12:05:59Z
rev_reorg_en_21-05-2020 23-18-00.json,2019-09-28T11:51:40Z,2019-09-28T12:03:56Z
rev_reorg_en_21-05-2020 23-18-00.json,2019-09-28T11:51:40Z,2019-09-28T12:03:56Z
rev_reorg_en_21-05-2020 23-18-00.json,2019-09-28T11:51:40Z,2019-09-28T12:03:56Z
rev_reorg_en_21-05-2020 23-18-00.json,2019-09-28T11:46:23Z,2019-09-28T11:51:40Z
rev_reorg_en_21-05-2020 23-18-00.json,2019-09-28T11:40:29Z,2019-09-28T11:46:23Z
rev_reorg_en_21-05-2020 23-18-00.json,2019-09-28T10:39:58Z,2019-09-28T11:21:17Z
rev_reorg_en_21-05-2020 23-18-00.json,2019-09-28T10:36:07Z,2019-09-28T10:39:58Z
rev_reorg_en_21-05-2020 23-18-00.json,2019-09-28T10:30:33Z,2019-09-28T10:36:07Z
rev_reorg_en_21-05-2020 23-18-00.json,2019-09-28T10:23:35Z,2019-09-28T10:30:12Z
rev_reorg_en_21-05-2020 23-18-00.json,2019-09-28T10:23:35Z,2019-09-28T10:30:12Z
rev_reorg_en_21-05-2020 23-18-00.json,2019-09-28T10:23:35Z,2019-09-28T10:30:12Z
rev_reorg_en_21-05-2020 23-18-00.json,2019-09-28T10:16:04Z,2019-09-28T10:23:35Z
rev_reorg_en_21-05-2020 23-18-00.json,2019-09-23T14:28:47Z,2019-09-23T14:43:14Z
rev_reorg_en_21-05-2020 23-18-00.json,2019-09-23T11:38:48Z,2019-09-23T14:28:47Z
rev_reorg_en_21-05-2020 23-18-00.json,2019-09-22T14:12:50Z,2019-09-23T11:37:41Z
rev_reorg_en_21-05-2020 23-18-00.json,2019-09-22T09:12:08Z,2019-09-22T09:44:57Z
rev_reorg_en_21-05-2020 23-18-00.json,2019-09-22T09:12:08Z,2019-09-22T09:44:57Z
rev_reorg_en_21-05-2020 23-18-00.json,2019-09-19T17:45:17Z,2019-09-19T17:51:16Z
rev_reorg_en_21-05-2020 23-18-00.json,2019-09-19T03:14:42Z,2019-09-19T03:18:06Z
rev_reorg_en_21-05-2020 23-18-00.json,2019-08-27T12:45:54Z,2019-08-27T12:59:00Z
rev_reorg_en_21-05-2020 23-18-00.json,2019-08-27T12:45:54Z,2019-08-27T12:59:00Z
rev_reorg_en_21-05-2020 23-18-00.json,2019-08-23T02:30:44Z,2019-08-23T02:51:55Z
rev_reorg_en_21-05-2020 23-18-00.json,2019-08-13T18:13:59Z,2019-08-13T18:41:52Z
rev_reorg_en_21-05-2020 23-18-00.json,2019-08-12T20:28:48Z,2019-08-12T20:46:38Z
rev_reorg_en_21-05-2020 23-18-00.json,2019-08-12T18:04:23Z,2019-08-12T18:05:24Z
rev_reorg_en_21-05-2020 23-18-00.json,2019-08-10T20:08:09Z,2019-08-11T06:04:53Z
rev_reorg_en_21-05-2020 23-18-00.json,2019-08-10T20:08:09Z,2019-08-11T06:04:53Z
rev_reorg_en_21-05-2020 23-18-00.json,2019-08-10T20:08:09Z,2019-08-11T06:04:53Z
rev_reorg_en_21-05-2020 23-18-00.json,2019-08-09T17:35:16Z,2019-08-09T17:36:56Z
rev_reorg_en_21-05-2020 23-18-00.json,2019-08-08T13:13:18Z,2019-08-08T15:24:21Z
rev_reorg_en_21-05-2020 23-18-00.json,2019-08-08T05:42:06Z,2019-08-08T06:08:31Z
rev_reorg_en_21-05-2020 23-18-00.json,2019-08-07T19:01:51Z,2019-08-07T19:02:11Z
rev_reorg_en_21-05-2020 23-18-00.json,2019-08-07T18:48:29Z,2019-08-07T18:55:07Z
rev_reorg_en_21-05-2020 23-18-00.json,2019-08-07T18:48:29Z,2019-08-07T18:55:07Z
rev_reorg_en_21-05-2020 23-18-00.json,2019-08-07T16:14:15Z,2019-08-07T16:17:55Z
rev_reorg_en_21-05-2020 23-18-00.json,2019-08-07T12:32:12Z,2019-08-07T12:40:16Z
rev_kash_en_21-05-2020 23-17-59.json,2020-05-11T05:42:04Z,2020-05-11T06:26:47Z
rev_kash_en_21-05-2020 23-17-59.json,2020-05-03T21:07:20Z,2020-05-04T01:50:30Z
rev_kash_en_21-05-2020 23-17-59.json,2020-05-03T19:37:01Z,2020-05-03T21:07:20Z
rev_kash_en_21-05-2020 23-17-59.json,2020-05-03T15:43:47Z,2020-05-03T19:37:01Z
rev_kash_en_21-05-2020 23-17-59.json,2020-05-03T14:40:53Z,2020-05-03T15:43:47Z
rev_kash_en_21-05-2020 23-17-59.json,2020-01-31T19:12:43Z,2020-01-31T19:23:30Z
rev_kash_en_21-05-2020 23-17-59.json,2020-01-23T13:52:11Z,2020-01-23T16:16:37Z
rev_kash_en_21-05-2020 23-17-59.json,2019-12-26T21:36:59Z,2019-12-27T00:47:35Z
rev_kash_en_21-05-2020 23-17-59.json,2019-11-25T19:41:23Z,2019-11-25T19:50:52Z
rev_kash_en_21-05-2020 23-17-59.json,2019-11-21T09:01:58Z,2019-11-21T13:40:55Z
rev_kash_en_21-05-2020 23-17-59.json,2019-10-23T16:22:07Z,2019-10-23T16:37:44Z
rev_kash_en_21-05-2020 23-17-59.json,2019-10-23T16:22:07Z,2019-10-23T16:37:44Z
rev_kash_en_21-05-2020 23-17-59.json,2019-10-20T17:51:10Z,2019-10-20T22:45:36Z
rev_kash_en_21-05-2020 23-17-59.json,2019-09-03T02:31:31Z,2019-09-03T02:34:28Z
rev_kash_en_21-05-2020 23-17-59.json,2019-08-25T15:34:06Z,2019-08-25T20:47:57Z
rev_kash_en_21-05-2020 23-17-59.json,2019-08-25T15:34:06Z,2019-08-25T20:47:57Z
rev_kash_en_21-05-2020 23-17-59.json,2019-08-25T15:34:06Z,2019-08-25T20:47:57Z
rev_kash_en_21-05-2020 23-17-59.json,2019-08-13T05:44:18Z,2019-08-13T08:06:31Z
rev_kash_en_21-05-2020 23-17-59.json,2019-08-12T09:43:39Z,2019-08-12T10:37:51Z
rev_kash_en_21-05-2020 23-17-59.json,2019-08-12T09:43:39Z,2019-08-12T10:37:51Z
rev_kash_en_21-05-2020 23-17-59.json,2019-08-07T14:17:54Z,2019-08-07T14:45:25Z
rev_kash_en_21-05-2020 23-17-59.json,2019-08-07T14:16:04Z,2019-08-07T14:17:54Z
rev_kash_en_21-05-2020 23-17-59.json,2019-08-07T12:08:01Z,2019-08-07T14:16:04Z
rev_kash_en_21-05-2020 23-17-59.json,2019-08-07T12:08:01Z,2019-08-07T14:16:04Z
rev_kash_en_21-05-2020 23-17-59.json,2019-08-07T12:08:01Z,2019-08-07T14:16:04Z
rev_kash_en_21-05-2020 23-17-59.json,2019-08-07T12:08:01Z,2019-08-07T14:16:04Z
rev_kash_en_21-05-2020 23-17-59.json,2019-08-07T12:08:01Z,2019-08-07T14:16:04Z
rev_kash_en_21-05-2020 23-17-59.json,2019-08-06T04:07:43Z,2019-08-06T04:09:15Z
rev_kash_en_21-05-2020 23-17-59.json,2019-08-02T12:16:05Z,2019-08-02T16:52:59Z
rev_kash_en_21-05-2020 23-17-59.json,2019-07-31T12:45:59Z,2019-07-31T17:05:44Z
rev_kash_en_21-05-2020 23-17-59.json,2019-07-27T09:36:37Z,2019-07-31T12:45:59Z
rev_kash_en_21-05-2020 23-17-59.json,2019-07-27T09:36:37Z,2019-07-31T12:45:59Z
rev_kash_en_21-05-2020 23-17-59.json,2019-05-26T22:37:06Z,2019-05-29T16:09:20Z
rev_kash_en_21-05-2020 23-17-59.json,2019-03-22T20:55:28Z,2019-03-22T21:01:10Z
rev_kash_en_21-05-2020 23-17-59.json,2019-03-05T10:03:29Z,2019-03-05T14:06:34Z
rev_kash_en_21-05-2020 23-17-59.json,2019-03-05T10:03:29Z,2019-03-05T14:06:34Z
rev_kash_en_21-05-2020 23-17-59.json,2019-03-05T10:03:29Z,2019-03-05T14:06:34Z
rev_kash_en_21-05-2020 23-17-59.json,2019-03-05T10:03:29Z,2019-03-05T14:06:34Z
rev_kash_en_21-05-2020 23-17-59.json,2019-03-05T08:03:19Z,2019-03-05T10:01:48Z
rev_kash_en_21-05-2020 23-17-59.json,2019-02-14T17:25:02Z,2019-02-14T21:54:34Z
rev_kash_en_21-05-2020 23-17-59.json,2019-02-14T17:25:02Z,2019-02-14T21:54:34Z
rev_kash_en_21-05-2020 23-17-59.json,2019-02-14T17:25:02Z,2019-02-14T21:54:34Z
rev_kash_en_21-05-2020 23-17-59.json,2019-02-14T17:25:02Z,2019-02-14T21:54:34Z
rev_kash_en_21-05-2020 23-17-59.json,2019-02-13T20:57:20Z,2019-02-13T21:28:25Z
rev_kash_en_21-05-2020 23-17-59.json,2019-02-12T21:22:01Z,2019-02-12T21:56:01Z
rev_kash_en_21-05-2020 23-17-59.json,2019-02-12T18:09:55Z,2019-02-12T18:29:01Z
rev_kash_en_21-05-2020 23-17-59.json,2019-02-12T18:09:55Z,2019-02-12T18:29:01Z
rev_kash_en_21-05-2020 23-17-59.json,2019-02-08T23:25:40Z,2019-02-08T23:38:54Z
rev_kash_en_21-05-2020 23-17-59.json,2019-02-03T13:47:34Z,2019-02-03T15:02:54Z
rev_kash_en_21-05-2020 23-17-59.json,2019-02-03T13:47:34Z,2019-02-03T15:02:54Z
rev_kash_en_21-05-2020 23-17-59.json,2019-02-03T13:47:34Z,2019-02-03T15:02:54Z
rev_kash_en_21-05-2020 23-17-59.json,2019-02-03T13:47:34Z,2019-02-03T15:02:54Z
rev_kash_en_21-05-2020 23-17-59.json,2019-02-01T20:36:52Z,2019-02-01T22:27:50Z
rev_kash_en_21-05-2020 23-17-59.json,2019-01-22T21:17:40Z,2019-01-22T21:37:06Z
rev_kash_en_21-05-2020 23-17-59.json,2019-01-12T19:17:21Z,2019-01-12T22:33:42Z
rev_kash_en_21-05-2020 23-17-59.json,2019-01-10T04:40:19Z,2019-01-10T04:41:25Z
rev_kash_en_21-05-2020 23-17-59.json,2019-01-08T17:41:22Z,2019-01-08T18:30:41Z
rev_kash_en_21-05-2020 23-17-59.json,2019-01-06T19:40:57Z,2019-01-06T20:36:05Z
rev_kash_en_21-05-2020 23-17-59.json,2018-12-30T16:03:48Z,2018-12-30T20:23:36Z
rev_kash_en_21-05-2020 23-17-59.json,2018-12-30T16:03:48Z,2018-12-30T20:23:36Z
rev_kash_en_21-05-2020 23-17-59.json,2018-12-29T11:14:44Z,2018-12-29T11:28:57Z
rev_kash_en_21-05-2020 23-17-59.json,2018-12-29T11:14:44Z,2018-12-29T11:28:57Z
rev_kash_en_21-05-2020 23-17-59.json,2018-12-29T11:14:44Z,2018-12-29T11:28:57Z
rev_kash_en_21-05-2020 23-17-59.json,2018-12-18T02:10:43Z,2018-12-18T02:10:59Z
rev_kash_en_21-05-2020 23-17-59.json,2018-12-16T23:23:30Z,2018-12-16T23:24:12Z
rev_kash_en_21-05-2020 23-17-59.json,2018-12-16T23:22:23Z,2018-12-16T23:23:03Z
rev_kash_en_21-05-2020 23-17-59.json,2018-12-16T23:21:27Z,2018-12-16T23:21:44Z
rev_kash_en_21-05-2020 23-17-59.json,2018-12-13T20:02:15Z,2018-12-13T20:02:32Z
rev_kash_en_21-05-2020 23-17-59.json,2018-12-13T09:06:25Z,2018-12-13T14:52:05Z
rev_kash_en_21-05-2020 23-17-59.json,2018-12-13T09:06:25Z,2018-12-13T14:52:05Z
rev_kash_en_21-05-2020 23-17-59.json,2018-12-13T09:06:25Z,2018-12-13T14:52:05Z
rev_kash_en_21-05-2020 23-17-59.json,2018-12-13T09:06:25Z,2018-12-13T14:52:05Z
rev_kash_en_21-05-2020 23-17-59.json,2018-12-05T16:53:16Z,2018-12-05T17:07:22Z
rev_kash_en_21-05-2020 23-17-59.json,2018-12-05T12:24:08Z,2018-12-05T12:36:40Z
rev_kash_en_21-05-2020 23-17-59.json,2018-12-04T15:06:58Z,2018-12-04T22:49:48Z
rev_kash_en_21-05-2020 23-17-59.json,2018-12-04T14:59:08Z,2018-12-04T15:06:58Z
rev_kash_en_21-05-2020 23-17-59.json,2018-12-04T10:15:10Z,2018-12-04T14:59:08Z
rev_kash_en_21-05-2020 23-17-59.json,2018-12-04T10:15:10Z,2018-12-04T14:59:08Z
rev_kash_en_21-05-2020 23-17-59.json,2018-12-04T10:15:10Z,2018-12-04T14:59:08Z
rev_kash_en_21-05-2020 23-17-59.json,2018-12-04T10:15:10Z,2018-12-04T14:59:08Z
rev_kash_en_21-05-2020 23-17-59.json,2018-12-04T10:15:10Z,2018-12-04T14:59:08Z
rev_kash_en_21-05-2020 23-17-59.json,2018-12-04T10:15:10Z,2018-12-04T14:59:08Z
rev_kash_en_21-05-2020 23-17-59.json,2018-12-01T09:26:40Z,2018-12-01T15:11:08Z
rev_kash_en_21-05-2020 23-17-59.json,2018-11-30T16:02:28Z,2018-11-30T16:58:48Z
rev_kash_en_21-05-2020 23-17-59.json,2018-11-17T14:45:42Z,2018-11-17T15:02:47Z
rev_kash_en_21-05-2020 23-17-59.json,2018-11-16T13:28:12Z,2018-11-16T13:28:37Z
rev_kash_en_21-05-2020 23-17-59.json,2018-11-09T13:18:45Z,2018-11-09T22:13:32Z
rev_kash_en_21-05-2020 23-17-59.json,2018-11-09T13:18:45Z,2018-11-09T22:13:32Z
rev_kash_en_21-05-2020 23-17-59.json,2018-09-26T22:28:10Z,2018-09-26T22:34:31Z
rev_kash_en_21-05-2020 23-17-59.json,2018-07-07T18:35:47Z,2018-07-08T18:05:39Z
rev_kash_en_21-05-2020 23-17-59.json,2018-04-18T13:13:04Z,2018-04-18T15:56:45Z
rev_kash_en_21-05-2020 23-17-59.json,2018-04-18T13:13:04Z,2018-04-18T15:56:45Z
rev_kash_en_21-05-2020 23-17-59.json,2018-04-11T19:17:02Z,2018-04-11T21:43:50Z
rev_kash_en_21-05-2020 23-17-59.json,2018-04-11T12:00:41Z,2018-04-11T19:59:22Z
rev_kash_en_21-05-2020 23-17-59.json,2018-04-11T12:00:41Z,2018-04-11T19:59:22Z
rev_kash_en_21-05-2020 23-17-59.json,2018-04-09T09:30:29Z,2018-04-09T09:44:17Z
rev_kash_en_21-05-2020 23-17-59.json,2018-04-09T09:30:29Z,2018-04-09T09:44:17Z
rev_kash_en_21-05-2020 23-17-59.json,2018-03-19T02:32:08Z,2018-03-19T10:39:59Z
rev_kash_en_21-05-2020 23-17-59.json,2018-03-19T02:32:08Z,2018-03-19T10:39:59Z
rev_kash_en_21-05-2020 23-17-59.json,2018-02-25T14:07:02Z,2018-02-25T14:24:21Z
rev_kash_en_21-05-2020 23-17-59.json,2018-02-24T12:25:39Z,2018-02-25T14:07:02Z
rev_kash_en_21-05-2020 23-17-59.json,2018-02-24T12:12:38Z,2018-02-24T12:25:39Z
rev_kash_en_21-05-2020 23-17-59.json,2018-02-24T06:45:30Z,2018-02-24T12:12:38Z
rev_kash_en_21-05-2020 23-17-59.json,2018-02-24T06:45:30Z,2018-02-24T12:12:38Z
rev_kash_en_21-05-2020 23-17-59.json,2018-02-24T06:45:30Z,2018-02-24T12:12:38Z
rev_kash_en_21-05-2020 23-17-59.json,2018-02-22T15:37:44Z,2018-02-22T16:01:43Z
rev_kash_en_21-05-2020 23-17-59.json,2018-02-22T08:16:37Z,2018-02-22T13:35:38Z
rev_kash_en_21-05-2020 23-17-59.json,2018-02-22T08:16:37Z,2018-02-22T13:35:38Z
rev_kash_en_21-05-2020 23-17-59.json,2018-02-20T05:54:42Z,2018-02-20T08:20:20Z
rev_kash_en_21-05-2020 23-17-59.json,2018-02-17T21:44:33Z,2018-02-17T22:25:05Z
rev_kash_en_21-05-2020 23-17-59.json,2018-02-17T02:49:51Z,2018-02-17T02:50:33Z
rev_kash_en_21-05-2020 23-17-59.json,2018-02-12T00:01:49Z,2018-02-14T07:53:05Z
rev_kash_en_21-05-2020 23-17-59.json,2018-02-13T22:47:00Z,2018-02-14T07:51:22Z
rev_kash_en_21-05-2020 23-17-59.json,2018-02-13T22:47:00Z,2018-02-14T07:51:22Z
rev_kash_en_21-05-2020 23-17-59.json,2018-02-13T22:47:00Z,2018-02-14T07:51:22Z
rev_kash_en_21-05-2020 23-17-59.json,2018-02-12T00:01:49Z,2018-02-14T07:53:05Z
rev_kash_en_21-05-2020 23-17-59.json,2018-02-11T23:33:44Z,2018-02-13T03:46:36Z
rev_kash_en_21-05-2020 23-17-59.json,2018-02-11T23:33:44Z,2018-02-13T03:46:36Z
rev_kash_en_21-05-2020 23-17-59.json,2018-02-09T09:03:49Z,2018-02-11T04:44:34Z
rev_kash_en_21-05-2020 23-17-59.json,2018-02-09T09:03:49Z,2018-02-11T04:44:34Z
rev_kash_en_21-05-2020 23-17-59.json,2018-02-09T16:56:10Z,2018-02-09T17:49:20Z
rev_kash_en_21-05-2020 23-17-59.json,2018-02-09T09:03:49Z,2018-02-11T04:44:34Z
rev_kash_en_21-05-2020 23-17-59.json,2018-02-04T15:07:32Z,2018-02-05T07:09:37Z
rev_kash_en_21-05-2020 23-17-59.json,2018-02-04T09:45:22Z,2018-02-04T15:07:32Z
rev_kash_en_21-05-2020 23-17-59.json,2018-02-02T19:50:19Z,2018-02-04T09:45:22Z
rev_kash_en_21-05-2020 23-17-59.json,2018-02-02T19:50:19Z,2018-02-04T09:45:22Z
rev_kash_en_21-05-2020 23-17-59.json,2018-02-02T19:50:19Z,2018-02-04T09:45:22Z
rev_kash_en_21-05-2020 23-17-59.json,2018-02-02T19:50:19Z,2018-02-04T09:45:22Z
rev_kash_en_21-05-2020 23-17-59.json,2018-02-02T19:50:19Z,2018-02-04T09:45:22Z
rev_kash_en_21-05-2020 23-17-59.json,2018-02-02T19:50:19Z,2018-02-04T09:45:22Z
rev_kash_en_21-05-2020 23-17-59.json,2018-02-02T19:50:19Z,2018-02-04T09:45:22Z
rev_kash_en_21-05-2020 23-17-59.json,2018-02-02T19:50:19Z,2018-02-04T09:45:22Z
rev_kash_en_21-05-2020 23-17-59.json,2018-02-02T19:50:19Z,2018-02-04T09:45:22Z
rev_kash_en_21-05-2020 23-17-59.json,2018-02-01T23:36:39Z,2018-02-01T23:41:43Z
rev_kash_en_21-05-2020 23-17-59.json,2018-02-01T21:19:30Z,2018-02-01T23:36:39Z
rev_kash_en_21-05-2020 23-17-59.json,2018-02-01T21:37:00Z,2018-02-01T21:48:11Z
rev_kash_en_21-05-2020 23-17-59.json,2018-02-01T21:19:30Z,2018-02-01T23:36:39Z
rev_kash_en_21-05-2020 23-17-59.json,2018-02-01T21:19:30Z,2018-02-01T23:36:39Z
rev_kash_en_21-05-2020 23-17-59.json,2018-02-01T21:19:30Z,2018-02-01T23:36:39Z
rev_kash_en_21-05-2020 23-17-59.json,2018-02-01T21:19:30Z,2018-02-01T23:36:39Z
rev_kash_en_21-05-2020 23-17-59.json,2018-02-01T21:19:30Z,2018-02-01T23:36:39Z
rev_kash_en_21-05-2020 23-17-59.json,2017-12-02T17:18:14Z,2017-12-03T02:03:40Z
rev_kash_en_21-05-2020 23-17-59.json,2017-11-28T14:44:53Z,2017-12-02T17:18:14Z
rev_kash_en_21-05-2020 23-17-59.json,2017-11-30T22:17:56Z,2017-12-01T09:38:57Z
rev_kash_en_21-05-2020 23-17-59.json,2017-11-28T14:44:53Z,2017-12-02T17:18:14Z
rev_kash_en_21-05-2020 23-17-59.json,2017-11-28T03:49:44Z,2017-11-28T14:44:53Z
rev_kash_en_21-05-2020 23-17-59.json,2017-11-27T13:51:27Z,2017-11-28T03:49:44Z
rev_kash_en_21-05-2020 23-17-59.json,2017-11-27T13:40:40Z,2017-11-27T13:51:27Z
rev_kash_en_21-05-2020 23-17-59.json,2017-11-27T13:17:35Z,2017-11-27T13:40:40Z
rev_kash_en_21-05-2020 23-17-59.json,2017-11-27T10:08:19Z,2017-11-27T13:17:35Z
rev_kash_en_21-05-2020 23-17-59.json,2017-11-27T02:29:33Z,2017-11-27T10:08:19Z
rev_kash_en_21-05-2020 23-17-59.json,2017-11-27T02:29:33Z,2017-11-27T10:08:19Z
rev_article_en_21-05-2020 23-17-59.json,2020-02-08T10:45:47Z,2020-02-08T11:25:10Z
rev_article_en_21-05-2020 23-17-59.json,2020-02-08T10:45:47Z,2020-02-08T11:25:10Z
rev_article_en_21-05-2020 23-17-59.json,2020-01-15T15:55:06Z,2020-01-15T16:03:01Z
rev_article_en_21-05-2020 23-17-59.json,2020-01-15T15:55:06Z,2020-01-15T16:03:01Z
rev_article_en_21-05-2020 23-17-59.json,2020-01-15T15:55:06Z,2020-01-15T16:03:01Z
rev_article_en_21-05-2020 23-17-59.json,2020-01-15T15:50:43Z,2020-01-15T15:52:13Z
rev_article_en_21-05-2020 23-17-59.json,2020-01-10T05:32:06Z,2020-01-10T09:36:47Z
rev_article_en_21-05-2020 23-17-59.json,2019-12-10T02:06:05Z,2019-12-10T02:33:22Z
rev_article_en_21-05-2020 23-17-59.json,2019-12-10T02:06:05Z,2019-12-10T02:33:22Z
rev_article_en_21-05-2020 23-17-59.json,2019-12-03T16:09:16Z,2019-12-03T16:17:57Z
rev_article_en_21-05-2020 23-17-59.json,2019-12-03T16:09:16Z,2019-12-03T16:17:57Z
rev_article_en_21-05-2020 23-17-59.json,2019-12-02T17:53:36Z,2019-12-02T17:53:50Z
rev_article_en_21-05-2020 23-17-59.json,2019-12-02T17:51:44Z,2019-12-02T17:52:14Z
rev_article_en_21-05-2020 23-17-59.json,2019-12-02T01:29:21Z,2019-12-02T01:31:27Z
rev_article_en_21-05-2020 23-17-59.json,2019-12-02T00:47:06Z,2019-12-02T01:07:59Z
rev_article_en_21-05-2020 23-17-59.json,2019-12-02T00:47:06Z,2019-12-02T01:07:59Z
rev_article_en_21-05-2020 23-17-59.json,2019-12-02T00:47:06Z,2019-12-02T01:07:59Z
rev_article_en_21-05-2020 23-17-59.json,2019-12-02T00:47:06Z,2019-12-02T01:07:59Z
rev_article_en_21-05-2020 23-17-59.json,2019-12-02T00:47:06Z,2019-12-02T01:07:59Z
rev_article_en_21-05-2020 23-17-59.json,2019-12-02T00:47:06Z,2019-12-02T01:07:59Z
rev_article_en_21-05-2020 23-17-59.json,2019-12-01T05:05:29Z,2019-12-01T07:28:33Z
rev_article_en_21-05-2020 23-17-59.json,2019-11-28T14:15:00Z,2019-11-28T14:22:48Z
rev_article_en_21-05-2020 23-17-59.json,2019-11-28T13:07:15Z,2019-11-28T13:54:48Z
rev_article_en_21-05-2020 23-17-59.json,2019-11-28T13:07:15Z,2019-11-28T13:54:48Z
rev_article_en_21-05-2020 23-17-59.json,2019-11-28T13:01:50Z,2019-11-28T13:05:57Z
rev_article_en_21-05-2020 23-17-59.json,2019-11-28T12:54:29Z,2019-11-28T13:00:00Z
rev_article_en_21-05-2020 23-17-59.json,2019-11-28T08:52:09Z,2019-11-28T11:44:37Z
rev_article_en_21-05-2020 23-17-59.json,2019-11-27T01:02:59Z,2019-11-27T01:52:22Z
rev_article_en_21-05-2020 23-17-59.json,2019-11-25T19:47:26Z,2019-11-25T20:30:27Z
rev_article_en_21-05-2020 23-17-59.json,2019-11-25T19:08:21Z,2019-11-25T19:09:09Z
rev_article_en_21-05-2020 23-17-59.json,2019-11-25T12:33:09Z,2019-11-25T12:33:39Z
rev_article_en_21-05-2020 23-17-59.json,2019-11-24T07:26:46Z,2019-11-24T07:27:28Z
rev_article_en_21-05-2020 23-17-59.json,2019-11-23T15:45:10Z,2019-11-23T16:28:14Z
rev_article_en_21-05-2020 23-17-59.json,2019-11-20T06:48:14Z,2019-11-20T06:50:46Z
rev_article_en_21-05-2020 23-17-59.json,2019-11-16T08:02:02Z,2019-11-17T07:51:24Z
rev_article_en_21-05-2020 23-17-59.json,2019-11-16T08:02:02Z,2019-11-17T07:51:24Z
rev_article_en_21-05-2020 23-17-59.json,2019-11-13T06:55:23Z,2019-11-13T09:17:18Z
rev_article_en_21-05-2020 23-17-59.json,2019-11-13T08:13:37Z,2019-11-13T09:15:52Z
rev_article_en_21-05-2020 23-17-59.json,2019-11-13T06:55:23Z,2019-11-13T09:17:18Z
rev_article_en_21-05-2020 23-17-59.json,2019-11-12T05:51:00Z,2019-11-12T11:04:13Z
rev_article_en_21-05-2020 23-17-59.json,2019-11-12T05:51:00Z,2019-11-12T11:04:13Z
rev_article_en_21-05-2020 23-17-59.json,2019-11-09T13:20:23Z,2019-11-09T13:47:54Z
rev_article_en_21-05-2020 23-17-59.json,2019-11-09T13:20:23Z,2019-11-09T13:47:54Z
rev_article_en_21-05-2020 23-17-59.json,2019-11-09T10:01:13Z,2019-11-09T11:12:08Z
rev_article_en_21-05-2020 23-17-59.json,2019-11-09T05:30:52Z,2019-11-09T05:31:20Z
rev_article_en_21-05-2020 23-17-59.json,2019-11-01T14:50:58Z,2019-11-01T15:35:06Z
rev_article_en_21-05-2020 23-17-59.json,2019-10-31T20:40:03Z,2019-10-31T22:04:21Z
rev_article_en_21-05-2020 23-17-59.json,2019-10-31T20:40:03Z,2019-10-31T22:04:21Z
rev_article_en_21-05-2020 23-17-59.json,2019-10-31T20:40:03Z,2019-10-31T22:04:21Z
rev_article_en_21-05-2020 23-17-59.json,2019-10-30T07:50:36Z,2019-10-30T10:23:01Z
rev_article_en_21-05-2020 23-17-59.json,2019-10-30T09:08:12Z,2019-10-30T09:52:39Z
rev_article_en_21-05-2020 23-17-59.json,2019-10-30T07:50:36Z,2019-10-30T10:23:01Z
rev_article_en_21-05-2020 23-17-59.json,2019-10-30T07:50:36Z,2019-10-30T10:23:01Z
rev_article_en_21-05-2020 23-17-59.json,2019-10-28T15:41:43Z,2019-10-28T15:43:19Z
rev_article_en_21-05-2020 23-17-59.json,2019-10-28T04:33:18Z,2019-10-28T04:33:27Z
rev_article_en_21-05-2020 23-17-59.json,2019-10-27T10:00:29Z,2019-10-27T10:13:05Z
rev_article_en_21-05-2020 23-17-59.json,2019-10-27T10:00:29Z,2019-10-27T10:13:05Z
rev_article_en_21-05-2020 23-17-59.json,2019-10-26T17:03:56Z,2019-10-26T18:03:04Z
rev_article_en_21-05-2020 23-17-59.json,2019-10-26T17:01:37Z,2019-10-26T17:03:56Z
rev_article_en_21-05-2020 23-17-59.json,2019-10-26T17:00:49Z,2019-10-26T17:01:37Z
rev_article_en_21-05-2020 23-17-59.json,2019-10-26T08:42:56Z,2019-10-26T08:54:53Z
rev_article_en_21-05-2020 23-17-59.json,2019-10-23T11:33:20Z,2019-10-23T11:34:18Z
rev_article_en_21-05-2020 23-17-59.json,2019-10-23T11:33:20Z,2019-10-23T11:34:18Z
rev_article_en_21-05-2020 23-17-59.json,2019-10-21T15:13:40Z,2019-10-21T16:01:49Z
rev_article_en_21-05-2020 23-17-59.json,2019-10-21T13:05:30Z,2019-10-21T13:42:30Z
rev_article_en_21-05-2020 23-17-59.json,2019-10-21T13:40:07Z,2019-10-21T13:42:11Z
rev_article_en_21-05-2020 23-17-59.json,2019-10-21T13:05:30Z,2019-10-21T13:42:30Z
rev_article_en_21-05-2020 23-17-59.json,2019-10-17T14:46:04Z,2019-10-17T19:14:25Z
rev_article_en_21-05-2020 23-17-59.json,2019-10-16T19:07:00Z,2019-10-16T19:08:18Z
rev_article_en_21-05-2020 23-17-59.json,2019-10-11T05:59:45Z,2019-10-11T06:08:47Z
rev_article_en_21-05-2020 23-17-59.json,2019-10-10T21:25:14Z,2019-10-10T21:46:39Z
rev_article_en_21-05-2020 23-17-59.json,2019-10-09T17:47:00Z,2019-10-10T16:25:30Z
rev_article_en_21-05-2020 23-17-59.json,2019-10-09T17:47:00Z,2019-10-10T16:25:30Z
rev_article_en_21-05-2020 23-17-59.json,2019-10-09T17:47:00Z,2019-10-10T16:25:30Z
rev_article_en_21-05-2020 23-17-59.json,2019-10-09T15:25:25Z,2019-10-09T17:47:00Z
rev_article_en_21-05-2020 23-17-59.json,2019-10-09T15:03:45Z,2019-10-09T15:25:25Z
rev_article_en_21-05-2020 23-17-59.json,2019-10-09T10:13:37Z,2019-10-09T10:33:57Z
rev_article_en_21-05-2020 23-17-59.json,2019-10-08T15:34:26Z,2019-10-08T17:08:25Z
rev_article_en_21-05-2020 23-17-59.json,2019-10-06T15:47:23Z,2019-10-06T16:32:32Z
rev_article_en_21-05-2020 23-17-59.json,2019-10-04T14:51:11Z,2019-10-04T15:23:43Z
rev_article_en_21-05-2020 23-17-59.json,2019-10-03T10:29:20Z,2019-10-03T11:05:42Z
rev_article_en_21-05-2020 23-17-59.json,2019-10-03T10:29:20Z,2019-10-03T11:05:42Z
rev_article_en_21-05-2020 23-17-59.json,2019-10-02T07:22:12Z,2019-10-02T17:26:24Z
rev_article_en_21-05-2020 23-17-59.json,2019-10-02T17:24:38Z,2019-10-02T17:25:39Z
rev_article_en_21-05-2020 23-17-59.json,2019-10-02T17:22:07Z,2019-10-02T17:24:38Z
rev_article_en_21-05-2020 23-17-59.json,2019-10-02T14:29:53Z,2019-10-02T17:22:07Z
rev_article_en_21-05-2020 23-17-59.json,2019-10-02T14:29:53Z,2019-10-02T17:22:07Z
rev_article_en_21-05-2020 23-17-59.json,2019-10-02T07:22:12Z,2019-10-02T17:26:24Z
rev_article_en_21-05-2020 23-17-59.json,2019-10-02T07:22:12Z,2019-10-02T17:26:24Z
rev_article_en_21-05-2020 23-17-59.json,2019-10-02T07:22:12Z,2019-10-02T17:26:24Z
rev_article_en_21-05-2020 23-17-59.json,2019-10-01T21:28:40Z,2019-10-01T23:20:30Z
rev_article_en_21-05-2020 23-17-59.json,2019-10-01T21:22:29Z,2019-10-01T21:26:49Z
rev_article_en_21-05-2020 23-17-59.json,2019-10-01T21:22:29Z,2019-10-01T21:26:49Z
rev_article_en_21-05-2020 23-17-59.json,2019-10-01T21:22:29Z,2019-10-01T21:26:49Z
rev_article_en_21-05-2020 23-17-59.json,2019-10-01T15:31:56Z,2019-10-01T15:49:21Z
rev_article_en_21-05-2020 23-17-59.json,2019-09-29T11:17:30Z,2019-09-29T11:18:41Z
rev_article_en_21-05-2020 23-17-59.json,2019-09-29T09:05:59Z,2019-09-29T10:03:14Z
rev_article_en_21-05-2020 23-17-59.json,2019-09-29T06:50:07Z,2019-09-29T06:51:10Z
rev_article_en_21-05-2020 23-17-59.json,2019-09-28T13:57:53Z,2019-09-28T13:59:05Z
rev_article_en_21-05-2020 23-17-59.json,2019-09-28T09:23:44Z,2019-09-28T10:14:40Z
rev_article_en_21-05-2020 23-17-59.json,2019-09-28T09:23:44Z,2019-09-28T10:14:40Z
rev_article_en_21-05-2020 23-17-59.json,2019-09-25T01:16:10Z,2019-09-25T04:46:07Z
rev_article_en_21-05-2020 23-17-59.json,2019-09-24T11:08:30Z,2019-09-24T11:34:28Z
rev_article_en_21-05-2020 23-17-59.json,2019-09-23T15:51:01Z,2019-09-23T15:51:39Z
rev_article_en_21-05-2020 23-17-59.json,2019-09-21T06:18:50Z,2019-09-21T06:20:17Z
rev_article_en_21-05-2020 23-17-59.json,2019-09-20T14:53:44Z,2019-09-20T14:59:22Z
rev_article_en_21-05-2020 23-17-59.json,2019-09-18T08:06:46Z,2019-09-18T11:19:45Z
rev_article_en_21-05-2020 23-17-59.json,2019-09-16T23:55:49Z,2019-09-16T23:59:21Z
rev_article_en_21-05-2020 23-17-59.json,2019-09-16T14:39:42Z,2019-09-16T19:25:43Z
rev_article_en_21-05-2020 23-17-59.json,2019-09-16T14:12:19Z,2019-09-16T14:12:33Z
rev_article_en_21-05-2020 23-17-59.json,2019-09-15T16:20:02Z,2019-09-15T17:02:25Z
rev_article_en_21-05-2020 23-17-59.json,2019-09-15T02:40:21Z,2019-09-15T15:16:51Z
rev_article_en_21-05-2020 23-17-59.json,2019-09-15T07:47:55Z,2019-09-15T11:15:35Z
rev_article_en_21-05-2020 23-17-59.json,2019-09-15T02:40:21Z,2019-09-15T15:16:51Z
rev_article_en_21-05-2020 23-17-59.json,2019-09-15T05:34:22Z,2019-09-15T06:37:21Z
rev_article_en_21-05-2020 23-17-59.json,2019-09-15T02:40:21Z,2019-09-15T15:16:51Z
rev_article_en_21-05-2020 23-17-59.json,2019-09-15T04:34:32Z,2019-09-15T05:01:50Z
rev_article_en_21-05-2020 23-17-59.json,2019-09-15T02:40:21Z,2019-09-15T15:16:51Z
rev_article_en_21-05-2020 23-17-59.json,2019-09-15T04:23:42Z,2019-09-15T04:24:36Z
rev_article_en_21-05-2020 23-17-59.json,2019-09-15T02:40:21Z,2019-09-15T15:16:51Z
rev_article_en_21-05-2020 23-17-59.json,2019-09-14T08:17:26Z,2019-09-14T09:37:36Z
rev_article_en_21-05-2020 23-17-59.json,2019-09-14T08:18:43Z,2019-09-14T08:27:01Z
rev_article_en_21-05-2020 23-17-59.json,2019-09-14T08:17:26Z,2019-09-14T09:37:36Z
rev_article_en_21-05-2020 23-17-59.json,2019-09-13T16:05:29Z,2019-09-14T04:43:15Z
rev_article_en_21-05-2020 23-17-59.json,2019-09-13T16:05:29Z,2019-09-14T04:43:15Z
rev_article_en_21-05-2020 23-17-59.json,2019-09-13T16:05:29Z,2019-09-14T04:43:15Z
rev_article_en_21-05-2020 23-17-59.json,2019-09-13T14:38:50Z,2019-09-13T15:03:25Z
rev_article_en_21-05-2020 23-17-59.json,2019-09-13T14:38:50Z,2019-09-13T15:03:25Z
rev_article_en_21-05-2020 23-17-59.json,2019-09-12T10:35:02Z,2019-09-12T10:35:13Z
rev_article_en_21-05-2020 23-17-59.json,2019-09-12T10:12:27Z,2019-09-12T10:21:46Z
rev_article_en_21-05-2020 23-17-59.json,2019-09-11T09:27:36Z,2019-09-11T09:57:59Z
rev_article_en_21-05-2020 23-17-59.json,2019-09-11T09:27:36Z,2019-09-11T09:57:59Z
rev_article_en_21-05-2020 23-17-59.json,2019-09-11T09:27:36Z,2019-09-11T09:57:59Z
rev_article_en_21-05-2020 23-17-59.json,2019-09-10T14:08:11Z,2019-09-10T14:13:19Z
rev_article_en_21-05-2020 23-17-59.json,2019-09-10T14:08:11Z,2019-09-10T14:13:19Z
rev_article_en_21-05-2020 23-17-59.json,2019-09-10T13:43:59Z,2019-09-10T13:56:09Z
rev_article_en_21-05-2020 23-17-59.json,2019-09-10T09:07:39Z,2019-09-10T11:17:48Z
rev_article_en_21-05-2020 23-17-59.json,2019-09-10T09:07:39Z,2019-09-10T11:17:48Z
rev_article_en_21-05-2020 23-17-59.json,2019-09-09T19:05:18Z,2019-09-09T19:06:52Z
rev_article_en_21-05-2020 23-17-59.json,2019-09-09T15:00:57Z,2019-09-09T15:42:09Z
rev_article_en_21-05-2020 23-17-59.json,2019-09-08T08:28:13Z,2019-09-08T11:15:53Z
rev_article_en_21-05-2020 23-17-59.json,2019-09-07T01:00:20Z,2019-09-07T01:00:33Z
rev_article_en_21-05-2020 23-17-59.json,2019-09-05T14:51:32Z,2019-09-05T15:43:03Z
rev_article_en_21-05-2020 23-17-59.json,2019-08-28T15:07:33Z,2019-08-28T15:48:56Z
rev_article_en_21-05-2020 23-17-59.json,2019-08-26T10:31:14Z,2019-08-26T11:40:32Z
rev_article_en_21-05-2020 23-17-59.json,2019-08-26T10:31:14Z,2019-08-26T11:40:32Z
rev_article_en_21-05-2020 23-17-59.json,2019-08-25T22:53:13Z,2019-08-26T07:01:33Z
rev_article_en_21-05-2020 23-17-59.json,2019-08-25T22:53:13Z,2019-08-26T07:01:33Z
rev_article_en_21-05-2020 23-17-59.json,2019-08-21T16:52:02Z,2019-08-21T16:54:28Z
rev_article_en_21-05-2020 23-17-59.json,2019-08-11T04:16:03Z,2019-08-11T16:25:24Z
rev_article_en_21-05-2020 23-17-59.json,2019-08-11T04:16:03Z,2019-08-11T16:25:24Z
rev_article_en_21-05-2020 23-17-59.json,2019-08-11T04:16:03Z,2019-08-11T16:25:24Z
rev_article_en_21-05-2020 23-17-59.json,2019-08-11T04:16:03Z,2019-08-11T16:25:24Z
rev_article_en_21-05-2020 23-17-59.json,2019-08-11T04:16:03Z,2019-08-11T16:25:24Z
rev_article_en_21-05-2020 23-17-59.json,2019-08-11T04:16:03Z,2019-08-11T16:25:24Z
rev_article_en_21-05-2020 23-17-59.json,2019-08-10T12:12:24Z,2019-08-10T15:14:57Z
rev_article_en_21-05-2020 23-17-59.json,2019-08-10T10:16:38Z,2019-08-10T12:07:02Z
rev_article_en_21-05-2020 23-17-59.json,2019-08-10T10:16:38Z,2019-08-10T12:07:02Z
rev_article_en_21-05-2020 23-17-59.json,2019-08-10T09:40:04Z,2019-08-10T09:52:31Z
rev_article_en_21-05-2020 23-17-59.json,2019-08-10T09:40:04Z,2019-08-10T09:52:31Z
rev_article_en_21-05-2020 23-17-59.json,2019-08-08T23:04:08Z,2019-08-08T23:05:14Z
rev_article_en_21-05-2020 23-17-59.json,2019-08-07T14:22:02Z,2019-08-07T14:52:16Z
rev_article_en_21-05-2020 23-17-59.json,2019-08-07T14:17:56Z,2019-08-07T14:22:02Z
